Coords,Country,Frequency
"[37.09024, -95.712891]",United States,2381
"[35.86166, 104.195397]",China,1850
"[52.132633, 5.291266]",Netherlands,1220
"[22.396428, 114.109497]",Hong Kong,146
"[61.52401, 105.318756]",Russian Federation,144
"[-14.235004, -51.92528]",Brazil,89
"[-0.789275, 113.921327]",Indonesia,73
"[45.943161, 24.96676]",Romania,73
"[23.634501, -102.552784]",Mexico,59
"[46.227638, 2.213749]",France,45
