Coords,Country,Frequency
"[35.86166, 104.195397]",China,49954
"[55.378051, -3.435973]",United Kingdom,15162
"[61.52401, 105.318756]",Russian Federation,10648
"[37.09024, -95.712891]",United States,8099
"[30.0, -40.0]",Unknown,6672
"[46.227638, 2.213749]",France,5354
"[56.130366, -106.346771]",Canada,3272
"[14.058324, 108.277199]",Vietnam,2524
"[35.907757, 127.766922]","Korea, Republic of",2307
"[20.593684, 78.96288]",India,1933
